Commit,Feature Name, (Classif:Pattern) matched pattern, (VM:op) New, (VM:op) Removed, (VM:type) Bool-tri,(VM:type) Value, (VM:vis.) Visible ,(VM:vis.) Internal , (VM:opt.) Optional,(VM:opt.) Mandatory, (M:target) Folder,(M:target) C.U.,(M:target) CFF, (M:target_update) New with new asset, (M:target_update) New with existing asset,(M:target_update) Remove with asset,(M:target_update) Remove but preserved asset,(I:ccp_op) New condition wrapping new code,(I:ccp_op) New condition wrapping edited code,(I:ccp_op) New condition wrapping existing code,(I:ccp_op) Deleted condition with its code,(I:ccp_op) Deleted condition with code edit, (I:ccp_op) Deleted condition but preserve code,(I:ref_op) Add reference,(I:ref_op) Removed reference,
d9a738597faf7cd2edeec82ce8fd81969fed8390,9P_FS_SECURITY,AVOMF,1,0,1,0,1,0,1,0,0,1,0,1,0,0,0,1,0,0,0,0,0,0,0,
1696d9dc57e062ce5200f6a42a6aaada15b434bb,ACPI_PROC_EVENT,RVONMF,0,1,1,0,1,0,1,0,0,0,0,0,0,0,0,0,0,0,1,0,0,0,0,
cddc1424f39e7c04045a6431eaf13a003fb8335a,ADT7410,RVOMF,0,1,1,0,1,0,1,0,0,1,0,0,0,1,0,0,0,0,0,0,0,0,0,
994dcf7055df88623d25f3593b931a018a76b502,ALPHA_QEMU,AVONMF,1,0,1,0,1,0,1,0,0,0,0,0,0,0,0,1,0,0,0,0,0,0,0,
b4f711ee03d28f776fd2324fd0bd999cc428e4d2,ALWAYS_USE_PERSISTENT_CLOCK,-,0,1,1,0,0,1,1,0,0,0,0,0,0,0,0,0,0,0,0,0,0,0,0,
4923ee444a39c8b75027ed01a7812e940194dbec,ARCH_EXYNOS4_SINGLE,RIMF,0,1,1,0,0,1,1,0,0,1,0,0,0,0,1,0,0,0,0,0,0,0,0,
ccb7cc749f78166178184f77dd95ea24db9d5bb0,ARCH_R8A7778,AVOMF,1,0,1,0,1,0,1,0,0,1,0,1,0,0,0,0,0,0,0,0,0,0,0,
5b65fc560398dd849dbe9f0df68d3934089c894a,ARCH_SPEAR_AUTO,-,1,0,1,0,0,1,1,0,0,0,0,0,0,0,0,0,0,0,0,0,0,0,0,
166936bace056dfc11452d794209f39a5e9b0fb4,ARCH_SUSPEND_POSSIBLE,internal mandatory impl. feature change,1,0,1,0,0,1,0,1,0,0,0,0,0,0,0,0,0,0,0,0,0,0,0,
84b6504f560157ff2077dd3757eee481b81dc39b,ARM_ERRATA_773022,AVONMF,1,0,1,0,1,0,1,0,0,0,0,0,0,0,0,1,0,0,0,0,0,0,0,
b98e01ad4ed9da6882b41983319361502aded307,ARM_KIRKWOOD_CPUIDLE,FCUTVOF,1,0,1,0,1,0,1,0,0,1,0,0,1,0,0,0,0,0,0,0,0,0,0,
f023f8dd59bf93e29e9b9bd98a92eeef43b1a32a,ARM_S3C2412_CPUFREQ,internal mandatory impl. feature change,1,0,1,0,0,1,0,1,0,1,0,0,1,0,0,0,0,0,0,0,0,0,0,
f023f8dd59bf93e29e9b9bd98a92eeef43b1a32a,ARM_S3C24XX_CPUFREQ,FCUTVOF,1,0,1,0,1,0,1,0,0,1,0,0,1,0,0,0,0,0,0,0,0,0,0,
f023f8dd59bf93e29e9b9bd98a92eeef43b1a32a,ARM_S3C24XX_CPUFREQ_DEBUGFS,FCUTVOF,1,0,1,0,1,0,1,0,0,1,0,0,1,0,0,0,0,1,0,0,0,0,0,
59a2e613d07fbd592ff711c87458eabcf9c98902,ARM_SA1110_CPUFREQ,AIMF,1,0,1,0,0,1,1,0,0,1,0,0,1,0,0,0,0,0,0,0,0,0,0,
45ae7cff3684ab45f57fc13fc242c8546536a84e,ARM_SMMU,AVOMF,1,0,1,0,1,0,1,0,0,1,0,1,0,0,0,0,0,0,0,0,0,0,0,
48a9db462d99494583dad829969616ac90a8df4e,ASYNC_MEMSET,RIMF,0,1,1,0,0,1,1,0,0,1,0,0,0,1,0,0,0,0,1,0,0,0,0,
736b24db32a806f79b43511e461321981bcfd5bf,ATARI_ETHERNAT,AVONMF,1,0,1,0,1,0,1,0,0,0,0,0,0,0,0,1,0,0,0,0,0,0,0,
1d87a8f2911fe6c22416f4a5dc5e0362f5bb9ef4,ATARI_ETHERNEC,AVONMF,1,0,1,0,1,0,1,0,0,0,0,0,0,0,0,1,0,0,0,0,0,0,0,
5e3dd157d7e70f0e3cea3f2573ed69fb156a19d5,ATH10K_DEBUGFS,AVONMF,1,0,1,0,1,0,1,0,0,0,0,0,0,0,0,1,0,0,0,0,0,0,0,
5e3dd157d7e70f0e3cea3f2573ed69fb156a19d5,ATH10K_TRACING,AVOMF,1,0,1,0,1,0,1,0,0,1,0,1,0,0,0,1,0,0,0,0,0,0,0,
416cf0b49e67254676b4762d1bab88df5130f909,ATH6KL_TRACING,AVOMF,1,0,1,0,1,0,1,0,0,1,0,1,0,0,0,1,0,0,0,0,0,0,0,
a9302e8439445710552886e7b623dbcfa943a1f2,AUDIT_ARCH,-,1,0,1,0,0,1,1,0,0,0,0,0,0,0,0,0,0,0,0,0,0,0,0,
cafe563591446cf80bfbc2fe3bc72a2e36cf1060,BCACHE_DEBUG,AVONMF,1,0,1,0,1,0,1,0,0,0,0,0,0,0,0,1,0,0,0,0,0,0,0,
280481d06c8a683d9aaa26125476222e76b733c5,BCACHE_EDEBUG,RVONMF,0,1,1,0,1,0,1,0,0,0,0,0,0,0,0,0,0,0,1,1,1,0,0,
6e2ac20e9c47cf26a1dd5a0f05b93ef0afd3c1c5,BCM_KONA_WDT_DEBUG,AVONMF,1,0,1,0,1,0,1,0,0,0,0,0,0,0,0,1,0,0,0,0,0,0,0,
938d0a840d0f97b627111fd038a735f3924fd987,BCM2835_WDT,AVOMF,1,0,1,0,1,0,1,0,0,1,0,1,0,0,0,0,0,0,0,0,0,0,0,
e67f86b31ae5be8a88bec27b5ecb18dc2ffc9c56,BLK_DEV_SKD,AVOMF,1,0,1,0,1,0,1,0,0,1,0,1,0,0,0,0,0,0,0,0,0,0,0,
f7c1285f0eba8e0910decc0fa5b409f886e4358e,BOOTLOADER_DRIVER,RVONMF,0,1,1,0,1,0,1,0,0,0,0,0,0,0,0,0,0,0,1,1,1,0,0,
668761ac01d6f5a36b8e5a24d4e154550e2c4c3b,BRCMFMAC_SDIO_OOB,RVONMF,0,1,1,0,1,0,1,0,0,0,0,0,0,0,0,0,0,0,1,1,0,0,0,
622e03eb3498c32ee29de5c1d6d381f443e58fad,C293_PCIE,AVOMF,1,0,1,0,1,0,1,0,0,1,0,1,0,0,0,0,0,0,0,0,0,0,0,
0ec315121c8391a14bbeb5eecc146c470dfc00cb,CAVIUM_OCTEON_HW_FIX_UNALIGNED,RVONMF,0,1,1,0,1,0,1,0,0,0,0,0,0,0,0,0,0,0,1,0,1,0,0,
9ddebc46e70b434e485060f7c1b53c5b848a6c8c,CAVIUM_OCTEON_SOC,FCUTVOF,1,0,1,0,1,0,1,0,1,1,1,0,1,0,0,0,0,0,0,0,0,0,0,
7221fe4c2ed72804b28633c8e0217d65abb0023f,CEPH_FS_POSIX_ACL,AVOMF,1,0,1,0,1,0,1,0,0,1,0,1,0,0,0,1,0,0,0,0,0,0,0,
ce77399226313a72578b5b0d67e289d3f165b8ba,CHARGER_BQ24735,AVOMF,1,0,1,0,1,0,1,0,0,1,0,1,0,0,0,0,0,0,0,0,0,0,0,
405fea1c6691eb8259f2ca879c9348a4cf5d898d,CHARGER_PM2301,MVOFNO,0,1,1,0,1,0,1,0,0,1,0,0,0,0,1,0,0,0,0,1,0,0,0,
971672c0b3ccd16ce53299f1ccac0253fc6d7bf6,CM32181,AVOMF,1,0,1,0,1,0,1,0,0,1,0,1,0,0,0,0,0,0,0,0,0,0,0,
bc08b449ee14ace4d869adaa1bb35a44ce68d775,CMPXCHG_LOCKREF,internal mandatory impl. feature change,1,0,1,0,0,1,0,1,0,0,0,0,0,0,0,1,0,0,0,0,0,0,0,
4477ca45fb368880bf77b10ed3b24b03f0cc82da,CPU_V7M,AIMF,1,0,1,0,0,1,1,0,0,1,0,0,1,0,0,0,0,0,0,0,0,0,0,
3d387ef08c40382315b8e9baa4bc9a07f7c49fce,CRYPTO_BLOWFISH_AVX2_X86_64,RVOMF,0,1,1,0,1,0,1,0,0,1,0,0,0,1,0,0,0,0,0,0,0,0,0,
ca81a1a1b8d79dd6706c9463a81e9491e940ca2b,CRYPTO_CRC32C_X86_64,RIMF,0,1,1,0,0,1,1,0,0,1,0,0,0,0,1,0,0,0,0,0,0,0,0,
f114766088f352a47f57307ff927b815e0239644,CRYPTO_DEV_CCP,AVOGMF,1,0,1,0,1,0,1,0,1,0,0,1,0,0,0,0,0,0,0,0,0,0,0,
99f42f937a080995b34e1ed75ed6934b5f96f9ca,CRYPTO_TWOFISH_AVX2_X86_64,RVOMF,0,1,1,0,1,0,1,0,0,1,0,0,0,1,0,0,0,0,0,0,0,0,0,
7c0b6f49dbea0b09b1de8aa5c942af9c2ad8b54c,CW1200_WLAN_SAGRAD,RVOMF,0,1,1,0,1,0,1,0,0,1,0,0,0,1,0,0,0,0,0,0,0,0,0,
c817a67ecba7c3c2aaa104796d78f160af60920d,DEBUG_KOBJECT_RELEASE,AVONMF,1,0,1,0,1,0,1,0,0,0,0,0,0,0,0,1,0,0,0,0,0,0,0,
38bd6892abbf7d60b1e9ff7f1a2b8019b552eed3,DEBUG_RK29_UART0,AVONMF,1,0,1,0,1,0,1,0,0,0,0,0,0,0,0,1,0,0,0,0,0,0,0,
38bd6892abbf7d60b1e9ff7f1a2b8019b552eed3,DEBUG_RK29_UART1,AVONMF,1,0,1,0,1,0,1,0,0,0,0,0,0,0,0,1,0,0,0,0,0,0,0,
38bd6892abbf7d60b1e9ff7f1a2b8019b552eed3,DEBUG_RK29_UART2,AVONMF,1,0,1,0,1,0,1,0,0,0,0,0,0,0,0,1,0,0,0,0,0,0,0,
7610b607b03ada21e89d964ec27d87a5b93c3d7f,DEBUG_UART_8250_FLOW_CONTROL,FCFTVOF,1,0,1,0,1,0,1,0,0,0,0,0,0,0,0,0,0,1,0,0,0,0,0,
0b4cccbec60678212eccdb42dc1e1c233ddf7092,DEBUG_UART_8250_WORD,AVONMF,1,0,1,0,1,0,1,0,0,0,0,0,0,0,0,1,0,0,0,0,0,0,0,
230100276955529d5a7c69207421756b9a61a8e5,DEBUG_WW_MUTEX_SLOWPATH,AVONMF,1,0,1,0,1,0,1,0,0,0,0,0,0,0,0,1,0,0,0,0,0,0,0,
3cb07ee66bca756921f0e967b687f4d0e05ba439,DISPLAY_CONNECTOR_HDMI,AVOMF,1,0,1,0,1,0,1,0,0,1,0,1,0,0,0,0,0,0,0,0,0,0,0,
84192742d9c26d75f26751f9e692cc68230d43a5,DISPLAY_PANEL_SONY_ACX565AKM,AVOMF,1,0,1,0,1,0,1,0,0,1,0,1,0,0,0,0,0,0,0,0,0,0,0,
4520f53a159fb81b8c27afe52428a0959aff259c,DRM_I915_FBDEV,FCUTVOF,1,0,1,0,1,0,1,0,0,1,0,0,1,0,0,1,1,1,0,0,0,0,0,
99486b8e6140da7721c932e708a6c17dc1dd970a,DRM_I915_PRELIMINARY_HW_SUPPORT,AVONMF,1,0,1,0,1,0,1,0,0,0,0,0,0,0,0,0,0,0,0,0,0,1,0,
b30324adaf8d2e5950a602bde63030d15a61826f,DRM_I915_UMS,AVONMF,1,0,1,0,1,0,1,0,0,0,0,0,0,0,0,1,0,0,0,0,0,0,0,
01718ba6ec30013c7d47084876b9c16471b291af,E5500_CPU,AVOCFF,1,0,1,0,1,0,1,0,0,0,1,0,0,0,0,0,0,0,0,0,0,0,0,
569fa26319203a41238e83340c54639eadfea89b,ETRAX_DS1302,MVOFNO,0,1,1,0,1,0,1,0,0,1,0,0,0,0,1,0,0,0,0,0,0,0,0,
569fa26319203a41238e83340c54639eadfea89b,ETRAX_DS1302_RST_ON_GENERIC_PORT,RVOAF,0,1,1,0,1,0,1,0,0,0,0,0,0,0,0,0,0,0,0,0,0,0,0,
be8cb7f42ab9a8723082daa83ac28a11d4dde942,ETRAX_ETH1_USE_LEDGRPNULL,RVOAF,0,1,1,0,1,0,1,0,0,0,0,0,0,0,0,0,0,0,0,0,0,0,0,
be8cb7f42ab9a8723082daa83ac28a11d4dde942,ETRAX_SER0_CD_BIT,RVMVF,0,1,0,1,1,0,0,1,0,0,0,0,0,0,0,0,0,0,0,0,0,0,0,
be8cb7f42ab9a8723082daa83ac28a11d4dde942,ETRAX_SER3_RI_BIT,RVMVF,0,1,0,1,1,0,0,1,0,0,0,0,0,0,0,0,0,0,0,0,0,0,0,
be8cb7f42ab9a8723082daa83ac28a11d4dde942,ETRAX_SPI_CS_PIN,RVMVF,0,1,0,1,1,0,0,1,0,0,0,0,0,0,0,0,0,0,0,0,0,0,0,
383ffda2fa8ff3c6380cc5be1eb6cde510de6fa8,EXYNOS_SETUP_SPI,RIMF,0,1,1,0,0,1,1,0,0,1,0,0,0,0,1,0,0,0,0,0,0,0,0,
383ffda2fa8ff3c6380cc5be1eb6cde510de6fa8,EXYNOS4_SETUP_FIMC,RIMF,0,1,1,0,0,1,1,0,0,1,0,0,0,0,1,0,0,0,0,0,0,0,0,
383ffda2fa8ff3c6380cc5be1eb6cde510de6fa8,EXYNOS4_SETUP_I2C5,RIMF,0,1,1,0,0,1,1,0,0,1,0,0,0,0,1,0,0,0,0,0,0,0,0,
8bc588e0e585bc9085df75e84d4d5635f45cf360,FIREWIRE_OHCI_REMOTE_DMA,RVONMF,0,1,1,0,1,0,1,0,0,0,0,0,0,0,0,0,0,0,1,1,0,0,0,
d03bb1455f3a2804539ed27047fd3b073fdeb3e0,FORCE_MAX_ZONEORDER,internal value feature change,1,0,0,1,0,1,0,1,0,0,0,0,0,0,0,0,0,0,0,0,0,0,0,
4b08478422040ae8cb11acc15d51f1cdb0ac39c8,GENERIC_BUG,-,0,1,1,0,0,1,1,0,0,0,0,0,0,0,0,0,0,0,0,0,0,0,0,
7a332b0c9a59e0b0777dec55eefdda0f9a24ac52,GENERIC_CSUM,AIMF,1,0,1,0,0,1,1,0,0,1,0,0,1,0,0,1,0,1,0,0,0,0,0,
0244ad004a54e39308d495fee0a2e637f8b5c317,GENERIC_HARDIRQS,internal mandatory impl. feature change,0,1,1,0,0,1,0,1,1,0,0,0,0,0,1,0,0,0,1,0,1,0,0,
54e4ff4d402450af5cec599f1cd9ab34997b3149,GPIO_ADI,internal mandatory impl. feature change,1,0,1,0,0,1,0,1,0,1,0,0,1,0,0,0,1,1,0,0,0,0,0,
4b08478422040ae8cb11acc15d51f1cdb0ac39c8,H8S_GENERIC,RVOCFF,0,1,1,0,1,0,1,0,0,0,1,0,0,0,0,0,0,0,0,0,0,0,0,
cc1f027454929924471bea2f362431072e3c71be,HAVE_IRQ_EXIT_ON_IRQ_STACK,-,1,0,1,0,0,1,1,0,0,0,0,0,0,0,0,0,1,0,0,0,0,0,0,
b92021b09df70c1609e3547f3d6128dd560be97f,HAVE_UNDERSCORE_SYMBOL_PREFIX,ACINMF,1,0,1,0,0,1,1,0,0,0,0,0,0,0,0,1,0,0,0,0,0,0,0,
a1a2bdec4772228274dfb3f9a41ac5234b93a5e9,HAVE_XTENSA_GPIO32,-,1,0,1,0,0,1,1,0,0,0,0,0,0,0,0,0,0,0,0,0,0,0,0,
6276a074c6519946c527f03e2ab69770a62652d9,HYPERVISOR_GUEST,FCUTVOF,1,0,1,0,1,0,1,0,0,1,0,0,1,0,0,1,1,0,0,0,0,0,0,
93d17247118ca533edd489f8e09bde417f4720ce,I2C_BCM_KONA,AVOMF,1,0,1,0,1,0,1,0,0,1,0,1,0,0,0,0,0,0,0,0,0,0,0,
8a73cd4cfa159918da405d9645deca842590e2fe,I2C_EXYNOS5,AVOMF,1,0,1,0,1,0,1,0,0,1,0,1,0,0,0,0,0,0,0,0,0,0,0,
9d488727b44881f96700a45fe80c3781ddd689d3,I40E_DCB,FCUTVOF,1,0,1,0,1,0,1,0,0,1,0,0,1,0,0,0,0,0,0,0,0,0,0,
a1c9a9d9984d9acf276089525b43a6528feab29b,I40E_VXLAN,AVONMF,1,0,1,0,1,0,1,0,0,0,0,0,0,0,0,1,0,0,0,0,0,0,0,
217494e5b780ad85485c1bb6382ce50b5fa2dc26,IIO_ST_PRESS_SPI,AIMF,1,0,1,0,0,1,1,0,0,1,0,1,0,0,0,0,0,0,0,0,0,0,0,
217091dd7a7a1bdac027ddb7c5a25f6ac0b8e241,IMA_TRUSTED_KEYRING,AVONMF,1,0,1,0,1,0,1,0,0,0,0,0,0,0,0,1,0,1,0,0,0,0,0,
85bf6d4e4b100efda8169f6f98fd65d0029c7813,IMX_WEIM,AVOMF,1,0,1,0,1,0,1,0,0,1,0,1,0,0,0,0,0,0,0,0,0,0,0,
e85e335f8ff615f74e29e09cc2599f095600114b,INITIALIZE_XTENSA_MMU_INSIDE_VMLINUX,AVONMF,1,0,1,0,1,0,1,0,0,0,0,0,0,0,0,1,0,0,0,0,0,0,0,
7c3ad056ef79fd10f5f111c807ccbd9fa9068c7f,IP_SET_HASH_NETPORTNET,AVOMF,1,0,1,0,1,0,1,0,0,1,0,1,0,0,0,0,0,0,0,0,0,0,0,
5d9efa7ee99eed58388f186c13cf2e2a87e9ceb4,IPV6_PRIVACY,FCFTVOF,0,1,1,0,1,0,1,0,0,0,0,0,0,0,0,0,0,0,0,0,1,0,0,
e76e1fdfa8f8dc1ea6699923cf5d92b5bee9c936,KERNEL_LZ4,AVOAF,1,0,1,0,1,0,1,0,0,0,0,0,0,0,0,0,0,0,0,0,0,0,0,
2326f04321a9aec591c1d159b3a9d12c2bf89438,KIRKWOOD_LEGACY,AIMF,1,0,1,0,0,1,1,0,0,1,0,0,1,0,0,0,0,0,0,0,0,0,0,
f6f91b0d9fd971c630cef908dde8fe8795aefbf8,KUSER_HELPERS,AVONMF,1,0,1,0,1,0,1,0,0,0,0,0,0,0,0,1,1,0,0,0,0,0,0,
e76e1fdfa8f8dc1ea6699923cf5d92b5bee9c936,LZ4_DECOMPRESS,AIMF,1,0,1,0,0,1,1,0,1,1,0,1,1,0,0,0,0,0,0,0,0,0,0,
78ded16886f539830ed58d9bc043656c1785a082,MACH_APE6EVM,AVOMF,1,0,1,0,1,0,1,0,0,1,0,1,0,0,0,0,0,0,0,0,0,0,0,
69f366615e950cb0d5af89da228796af5208ad8f,MACH_APE6EVM_REFERENCE,AVOMF,1,0,1,0,1,0,1,0,0,1,1,1,0,0,0,0,0,0,0,0,0,0,0,
cfa66a81621d0e85ac03c0de25adc7edd7f2649e,MACH_BOCKW_REFERENCE,AVOMF,1,0,1,0,1,0,1,0,0,1,1,1,0,0,0,0,0,0,0,0,0,0,0,
ffbc50663b69462adc9d97b93b6b92c4fe74b94c,MACH_ESATA_SHEEVAPLUG,RVOMF,0,1,1,0,1,0,1,0,0,1,0,0,0,1,0,0,0,0,1,0,0,0,0,
73d6a69e3b3ae168fcb8d797e427c1b5fe132a40,MACH_MARZEN_REFERENCE,AVOMF,1,0,1,0,1,0,1,0,0,1,0,1,0,0,0,0,0,0,0,0,0,0,0,
a977e18e4cfc2ed73cc5bf05642f21323d9ec517,MACH_NETSPACE_V2_DT,RVOMF,0,1,1,0,1,0,1,0,0,1,0,0,0,1,0,0,0,0,1,0,0,0,0,
40fa8e5da25b35fea0bcea113c61d72ae31f20fd,MACH_NSA310_DT,RVOMF,0,1,1,0,1,0,1,0,0,1,0,0,0,1,0,0,0,0,0,0,0,0,0,
97411608fd5f17735f51103da08a738be1f932d9,MACH_OMAP_ZOOM2,RVOMF,0,1,1,0,1,0,1,0,0,1,0,0,0,1,0,0,0,0,0,0,0,0,0,
95807689eab8441737572d1a9daaa1025429a908,MACH_OMAP3EVM,RVOMF,0,1,1,0,1,0,1,0,0,1,0,0,0,1,0,0,0,0,0,0,0,0,0,
e91a5555df5883bbc204b0e1f8e0489d3f7f3f2e,MACH_QIL_A9260,RVOMF,0,1,1,0,1,0,1,0,0,1,0,0,0,1,0,0,0,0,0,0,0,0,0,
ffbc50663b69462adc9d97b93b6b92c4fe74b94c,MACH_SHEEVAPLUG,RVOMF,0,1,1,0,1,0,1,0,0,1,0,0,0,1,0,0,0,0,1,0,0,0,0,
a977e18e4cfc2ed73cc5bf05642f21323d9ec517,MACH_TOPKICK_DT,RVOMF,0,1,1,0,1,0,1,0,0,1,0,0,0,1,0,0,0,0,1,0,0,0,0,
17723fd357f9973d5dd2908e3cc6b4149d891429,MACH_UC7112LX,AVOMF,1,0,1,0,1,0,1,0,0,1,0,1,0,0,0,0,0,0,0,0,0,0,0,
ef1ab239c0c7de29072577bc8a39859074603948,MACH_USB_A9260,RVOMF,0,1,1,0,1,0,1,0,0,1,0,0,0,1,0,0,0,0,0,0,0,0,0,
1db9e0513d7478f6c80ca0bc4f58f53fe49e27f8,MARCH_G5_TUNE,-,1,0,1,0,0,1,1,0,0,0,1,0,0,0,0,0,0,0,0,0,0,0,0,
b0db7b0c21a014d01be1018db68e78ebf7d4f0d7,MDIO_MOXART,AVOMF,1,0,1,0,1,0,1,0,0,1,0,1,0,0,0,0,0,0,0,0,0,0,0,
d95c785500f60c59e4257385af2cfee7d4044809,MFD_WM8350_CONFIG_MODE_0,-,0,1,1,0,0,1,1,0,0,0,0,0,0,0,0,0,0,0,0,0,0,0,0,
d95c785500f60c59e4257385af2cfee7d4044809,MFD_WM8351_CONFIG_MODE_3,-,0,1,1,0,0,1,1,0,0,0,0,0,0,0,0,0,0,0,0,0,0,0,0,
7a9989356b23fa2c7731632d3b575c53c1ac8bce,MIPS_CPUFREQ,internal mandatory impl. feature change,0,1,1,0,0,1,0,1,1,0,0,0,0,1,0,0,0,0,0,0,0,0,0,
930beb5ac09aaeee48d81c57aec0d17a42a33ce8,MIPS_L1_CACHE_SHIFT_5,-,1,0,1,0,0,1,1,0,0,0,0,0,0,0,0,0,0,0,0,0,0,0,0,
930beb5ac09aaeee48d81c57aec0d17a42a33ce8,MIPS_L1_CACHE_SHIFT_6,-,1,0,1,0,0,1,1,0,0,0,0,0,0,0,0,0,0,0,0,0,0,0,0,
2c973ef0cc3f981bfb137c3e42e08de5e8f1cc18,MIPS_VPE_APSP_API_MT,internal mandatory impl. feature change,1,0,1,0,0,1,0,1,0,1,0,1,0,0,0,0,0,0,0,0,0,0,0,
635ad31002fad736af85adfc96bb9408fb813a7b,MLX5_DEBUG,RVOAF,0,1,1,0,1,0,1,0,0,0,0,0,0,0,0,0,0,0,0,0,0,0,0,
0eeff27b49b78979bb4d37d1ff8dda6751fa0ad8,MSM_GCC_8660,AVOMF,1,0,1,0,1,0,1,0,0,1,0,1,0,0,0,0,0,0,0,0,0,0,0,
d8b212014e69d6b6323773ce6898f224ef4ed0d6,MSM_MMCC_8974,AVOMF,1,0,1,0,1,0,1,0,0,1,0,1,0,0,0,0,0,0,0,0,0,0,0,
f708364b676a2e6817124392dc5f1731a33cf25b,MTD_DMV182,RVOMF,0,1,1,0,1,0,1,0,0,1,0,0,0,1,0,0,0,0,0,0,0,0,0,
f6f91b0d9fd971c630cef908dde8fe8795aefbf8,NEED_KUSER_HELPERS,-,1,0,1,0,0,1,1,0,0,0,0,0,0,0,0,0,0,0,0,0,0,0,0,
99bbc70741903c063b3ccad90a3e06fc55df9245,NET_FLOW_LIMIT,internal mandatory impl. feature change,1,0,1,0,0,1,0,1,0,0,0,0,0,0,0,1,0,0,0,0,0,0,0,
0d89d2035fe063461a5ddb609b2c12e7fb006e44,NET_MPLS_GSO,AVOGMF,1,0,1,0,1,0,1,0,1,0,0,1,0,0,0,0,0,0,0,0,0,0,0,
6a649f339802f104549e1fb211e381036661e244,NETFILTER_XT_MATCH_IPCOMP,AVOMF,1,0,1,0,1,0,1,0,0,1,0,1,0,0,0,0,0,0,0,0,0,0,0,
9370761c56b66aa5c65e069a7b010111a025018d,NF_TABLE_NAT_IPV4,MVOFNO,0,1,1,0,1,0,1,0,0,1,0,0,0,0,1,0,0,0,0,0,0,0,0,
9370761c56b66aa5c65e069a7b010111a025018d,NF_TABLE_ROUTE_IPV4,MVOFNO,0,1,1,0,1,0,1,0,0,1,0,0,0,0,1,0,0,0,0,0,0,0,0,
ed683f138b3dbc8a5e878e24a0bfa0bb61043a09,NF_TABLES_ARP,AVOMF,1,0,1,0,1,0,1,0,0,1,0,1,0,0,0,0,0,0,0,0,0,0,0,
96518518cc417bb0a8c80b9fb736202e28acdf96,NF_TABLES_IPV6,AVOMF,1,0,1,0,1,0,1,0,0,1,0,1,0,0,0,0,0,0,0,0,0,0,0,
eb31628e37a0a4e01fffd79dcc7f815d2357f53a,NFT_CHAIN_NAT_IPV6,AVOMF,1,0,1,0,1,0,1,0,0,1,0,1,0,0,0,0,0,0,0,0,0,0,0,
0ca743a5599199152a31a7146b83213c786c2eb2,NFT_COMPAT,AVOMF,1,0,1,0,1,0,1,0,0,1,0,1,0,0,0,0,0,0,0,0,0,0,0,
3451d0243c3cdfd729b36f9684a14659d4895ca3,NO_HZ_COMMON,ACINMF,1,0,1,0,0,1,1,0,0,0,0,0,0,0,0,1,1,1,0,0,0,1,0,
c5bfece2d6129131b4ade985e63bc35ddf5868d4,NO_HZ_EXTENDED,RVONMF,0,1,1,0,1,0,1,0,0,0,0,0,0,0,0,0,0,0,1,1,0,0,0,
f98823ac758ba1aa77c6e3f8ad4ef3ad84ee0a7c,NO_HZ_FULL_ALL,AVONMF,1,0,1,0,1,0,1,0,0,0,0,0,0,0,0,1,0,0,0,0,0,0,0,
ba166e900b502b74b9425881caa94f94891b0a1f,OF_DEVICE,internal mandatory impl. feature change,0,1,1,0,0,1,0,1,0,1,0,0,0,0,1,0,0,0,0,1,1,0,0,
58264848a5a7b91195f43c4729072e8cc980288d,OPENVSWITCH_VXLAN,AVONMF,1,0,1,0,1,0,1,0,0,0,0,0,0,0,0,1,0,0,0,0,0,0,0,
9e0967572e5a0e8c887b2d71192bdad342e8a3dd,P5020_DS,RVOAF,0,1,1,0,1,0,1,0,0,0,0,0,0,0,0,0,0,0,0,0,0,0,0,
9e0967572e5a0e8c887b2d71192bdad342e8a3dd,P5040_DS,RVOAF,0,1,1,0,1,0,1,0,0,0,0,0,0,0,0,0,0,0,0,0,0,0,0,
05cefbe2f22e551594c5ec618102a35317bd050d,PANEL_ACX565AKM,RVOMF,0,1,1,0,1,0,1,0,0,1,0,0,0,1,0,0,0,0,0,0,0,0,0,
05cefbe2f22e551594c5ec618102a35317bd050d,PANEL_TAAL,RVOMF,0,1,1,0,1,0,1,0,0,1,0,0,0,1,0,0,0,0,0,0,0,0,0,
b71d47c14fba6270c0b5a0d56639bf042017025b,PANIC_TIMEOUT,internal value feature change,1,0,0,1,0,1,0,1,0,0,0,0,0,0,0,0,0,0,0,0,0,0,0,
623fd8072c7c4d77a184bc9e35192acf480c18e4,PERCPU_TEST,AVOMF,1,0,1,0,1,0,1,0,0,1,0,1,0,0,0,0,0,0,0,0,0,0,0,
1b945aeef0b9cb5e98d682c310272b08198e54b5,PGTABLE_MAPPING,FCFTVOF,1,0,1,0,1,0,1,0,0,0,0,0,0,0,0,0,1,1,0,0,0,0,0,
54e4ff4d402450af5cec599f1cd9ab34997b3149,PINCTRL,internal mandatory impl. feature change,1,0,1,0,0,1,0,1,0,0,0,0,0,0,0,0,1,1,0,0,0,0,0,
741ecef62a37bcc368ff8c7282f810327edc3d94,PINCTRL,internal mandatory impl. feature change,1,0,1,0,0,1,0,1,0,0,0,0,0,0,0,0,1,1,0,0,0,0,0,
9da8312048edcf246ac1d7ab6aa0293f252de559,PINCTRL_IMX50,AVOMF,1,0,1,0,1,0,1,0,0,1,0,1,0,0,0,0,0,0,0,0,0,0,0,
d3e5116119bd02ea7716bbe04b39c21bba4bcf42,PINCTRL_ROCKCHIP,AIMF,1,0,1,0,0,1,1,0,0,1,0,1,0,0,0,0,0,0,0,0,0,0,0,
170c6152aebc5538db22dbdf56fba11ccba7a6f4,PINCTRL_WM8650,AVOMF,1,0,1,0,1,0,1,0,0,1,0,1,0,0,0,0,0,0,0,0,0,0,0,
54e4ff4d402450af5cec599f1cd9ab34997b3149,PINT0_ASSIGN,RVMVF,0,1,0,1,1,0,0,1,0,0,0,0,0,0,0,0,0,0,0,0,0,0,1,
ecd73cc5c9e137559f4625b347f20cf9ed0de3d5,PPC_INDIRECT_IO,RCINMF,0,1,1,0,0,1,1,0,0,0,0,0,0,0,0,0,0,0,1,0,1,0,0,
933ee7119fb14156f46dc8bce8218f62db13c568,PPC_PREP,RVONMF,0,1,1,0,1,0,1,0,0,0,0,0,0,0,0,0,0,0,1,0,0,0,0,
99b82abb0a35b07310ea6334257829af168c8e08,PWM_RENESAS_TPU,AVOMF,1,0,1,0,1,0,1,0,0,1,0,1,0,0,0,0,0,0,0,0,0,0,0,
30bac9110455402fa8888740c6819dd3daa2666f,RADIO_SI476X,AVOMF,1,0,1,0,1,0,1,0,0,1,0,1,0,0,0,0,0,0,0,0,0,0,0,
e350cd1d9308b67363ebb870a678a1fd807df1a6,RAPIDIO_TSI500,RVOMF,0,1,1,0,1,0,1,0,0,1,0,0,0,1,0,0,0,0,0,0,0,0,0,
911af505ef407c2511106c224dd640f882f0f590,RCU_NOCB_CPU_ALL,AVONMF,1,0,1,0,1,0,1,0,0,0,0,0,0,0,0,1,0,0,0,0,0,0,0,
33036f48d13caaa31a568dc677cc76739f440e6e,REGULATOR_ACT8865,AVOMF,1,0,1,0,1,0,1,0,0,1,0,1,0,0,0,0,0,0,0,0,0,0,0,
4ddfebd3b0d5b65c69492408bb67fd1202104643,REGULATOR_DUMMY,RVONMF,0,1,1,0,1,0,1,0,0,0,0,0,0,0,0,0,0,0,0,1,0,0,0,
fe7ef7c60c33fd339f40320fae76bc56d368dae5,RT2800SOC,AVOMF,1,0,1,0,1,0,1,0,0,1,0,1,0,0,0,0,0,0,0,0,0,0,0,
dcaf038493525604e3d1648d5761a852e8db2bf9,RTC_DRV_HYM8563,AVOMF,1,0,1,0,1,0,1,0,0,1,0,1,0,0,0,0,0,0,0,0,0,0,0,
4b08478422040ae8cb11acc15d51f1cdb0ac39c8,RWSEM_XCHGADD_ALGORITHM,-,0,1,1,0,0,1,1,0,0,0,0,0,0,0,0,0,0,0,0,0,0,0,0,
6e8c4a274c6704088ab2d59fe92b092196ada2a1,S3C_GPIO_CFG_S3C64XX,-,0,1,1,0,0,1,1,0,0,0,0,0,0,0,0,0,0,0,0,0,0,0,0,
c67d0f29262bf6f863ce74d0756618bbd9ba80fd,S3C24XX_GPIO_EXTRA128,-,0,1,1,0,0,1,1,0,0,0,0,0,0,0,0,0,0,0,0,0,0,0,0,
c67d0f29262bf6f863ce74d0756618bbd9ba80fd,S3C24XX_GPIO_EXTRA64,-,0,1,1,0,0,1,1,0,0,0,0,0,0,0,0,0,0,0,0,0,0,0,0,
c1fcd403ced3ad0d63418cc1120e1562283b16ce,SAMSUNG_HRT,AIMF,1,0,1,0,0,1,1,0,0,1,0,0,1,0,0,0,0,0,0,0,0,0,0,
89693016e372983d720c186c0d00b29414b58804,SAMSUNG_PM,internal mandatory impl. feature change,1,0,1,0,0,1,0,1,0,1,0,0,1,0,0,0,0,1,0,0,0,0,0,
dc2377d0b0a298ec9d7d232c0d757f462dedcca2,SAMSUNG_USB2PHY,AVOMF,1,0,1,0,1,0,1,0,0,1,0,1,0,0,0,0,0,0,0,0,0,0,0,
24a70cf2b28e24aa31c4f9bc310cc274c0a90183,SCB0_MI0,AVONMF,1,0,1,0,1,0,1,0,0,0,0,0,0,0,0,1,0,0,0,0,0,0,0,
24a70cf2b28e24aa31c4f9bc310cc274c0a90183,SCB0_MI0_SLOT11,AVMVF,1,0,0,1,1,0,0,1,0,0,0,0,0,0,0,0,0,0,0,0,0,1,0,
24a70cf2b28e24aa31c4f9bc310cc274c0a90183,SCB0_MI0_SLOT2,AVMVF,1,0,0,1,1,0,0,1,0,0,0,0,0,0,0,0,0,0,0,0,0,1,0,
24a70cf2b28e24aa31c4f9bc310cc274c0a90183,SCB0_MI0_SLOT24,AVMVF,1,0,0,1,1,0,0,1,0,0,0,0,0,0,0,0,0,0,0,0,0,1,0,
24a70cf2b28e24aa31c4f9bc310cc274c0a90183,SCB0_MI1_SLOT2,AVMVF,1,0,0,1,1,0,0,1,0,0,0,0,0,0,0,0,0,0,0,0,0,1,0,
24a70cf2b28e24aa31c4f9bc310cc274c0a90183,SCB0_MI1_SLOT23,AVMVF,1,0,0,1,1,0,0,1,0,0,0,0,0,0,0,0,0,0,0,0,0,1,0,
24a70cf2b28e24aa31c4f9bc310cc274c0a90183,SCB0_MI2_SLOT17,AVMVF,1,0,0,1,1,0,0,1,0,0,0,0,0,0,0,0,0,0,0,0,0,1,0,
24a70cf2b28e24aa31c4f9bc310cc274c0a90183,SCB0_MI2_SLOT28,AVMVF,1,0,0,1,1,0,0,1,0,0,0,0,0,0,0,0,0,0,0,0,0,1,0,
24a70cf2b28e24aa31c4f9bc310cc274c0a90183,SCB0_MI2_SLOT30,AVMVF,1,0,0,1,1,0,0,1,0,0,0,0,0,0,0,0,0,0,0,0,0,1,0,
24a70cf2b28e24aa31c4f9bc310cc274c0a90183,SCB0_MI3_SLOT14,AVMVF,1,0,0,1,1,0,0,1,0,0,0,0,0,0,0,0,0,0,0,0,0,1,0,
24a70cf2b28e24aa31c4f9bc310cc274c0a90183,SCB0_MI3_SLOT2,AVMVF,1,0,0,1,1,0,0,1,0,0,0,0,0,0,0,0,0,0,0,0,0,1,0,
24a70cf2b28e24aa31c4f9bc310cc274c0a90183,SCB0_MI4_SLOT21,AVMVF,1,0,0,1,1,0,0,1,0,0,0,0,0,0,0,0,0,0,0,0,0,1,0,
24a70cf2b28e24aa31c4f9bc310cc274c0a90183,SCB0_MI4_SLOT26,AVMVF,1,0,0,1,1,0,0,1,0,0,0,0,0,0,0,0,0,0,0,0,0,1,0,
24a70cf2b28e24aa31c4f9bc310cc274c0a90183,SCB0_MI4_SLOT9,AVMVF,1,0,0,1,1,0,0,1,0,0,0,0,0,0,0,0,0,0,0,0,0,1,0,
24a70cf2b28e24aa31c4f9bc310cc274c0a90183,SCB0_MI5_SLOT14,AVMVF,1,0,0,1,1,0,0,1,0,0,0,0,0,0,0,0,0,0,0,0,0,1,0,
24a70cf2b28e24aa31c4f9bc310cc274c0a90183,SCB0_MI5_SLOT2,AVMVF,1,0,0,1,1,0,0,1,0,0,0,0,0,0,0,0,0,0,0,0,0,1,0,
24a70cf2b28e24aa31c4f9bc310cc274c0a90183,SCB0_MI5_SLOT3,AVMVF,1,0,0,1,1,0,0,1,0,0,0,0,0,0,0,0,0,0,0,0,0,1,0,
24a70cf2b28e24aa31c4f9bc310cc274c0a90183,SCB0_MI5_SLOT5,AVMVF,1,0,0,1,1,0,0,1,0,0,0,0,0,0,0,0,0,0,0,0,0,1,0,
24a70cf2b28e24aa31c4f9bc310cc274c0a90183,SCB0_MI5_SLOT7,AVMVF,1,0,0,1,1,0,0,1,0,0,0,0,0,0,0,0,0,0,0,0,0,1,0,
24a70cf2b28e24aa31c4f9bc310cc274c0a90183,SCB0_MI5_SLOT8,AVMVF,1,0,0,1,1,0,0,1,0,0,0,0,0,0,0,0,0,0,0,0,0,1,0,
206f060c21503f33f9716710715cabba602355d5,SCB1_MI0_SLOT14,AVMVF,1,0,0,1,1,0,0,1,0,0,0,0,0,0,0,0,0,0,0,0,0,1,0,
206f060c21503f33f9716710715cabba602355d5,SCB1_MI0_SLOT6,AVMVF,1,0,0,1,1,0,0,1,0,0,0,0,0,0,0,0,0,0,0,0,0,1,0,
206f060c21503f33f9716710715cabba602355d5,SCB2_MI0_SLOT7,AVMVF,1,0,0,1,1,0,0,1,0,0,0,0,0,0,0,0,0,0,0,0,0,1,0,
206f060c21503f33f9716710715cabba602355d5,SCB2_MI0_SLOT9,AVMVF,1,0,0,1,1,0,0,1,0,0,0,0,0,0,0,0,0,0,0,0,0,1,0,
206f060c21503f33f9716710715cabba602355d5,SCB3_MI0_SLOT12,AVMVF,1,0,0,1,1,0,0,1,0,0,0,0,0,0,0,0,0,0,0,0,0,1,0,
206f060c21503f33f9716710715cabba602355d5,SCB3_MI0_SLOT14,AVMVF,1,0,0,1,1,0,0,1,0,0,0,0,0,0,0,0,0,0,0,0,0,1,0,
206f060c21503f33f9716710715cabba602355d5,SCB3_MI0_SLOT9,AVMVF,1,0,0,1,1,0,0,1,0,0,0,0,0,0,0,0,0,0,0,0,0,1,0,
206f060c21503f33f9716710715cabba602355d5,SCB4_MI0_SLOT2,AVMVF,1,0,0,1,1,0,0,1,0,0,0,0,0,0,0,0,0,0,0,0,0,1,0,
206f060c21503f33f9716710715cabba602355d5,SCB4_MI0_SLOT8,AVMVF,1,0,0,1,1,0,0,1,0,0,0,0,0,0,0,0,0,0,0,0,0,1,0,
206f060c21503f33f9716710715cabba602355d5,SCB8_MI0_SLOT6,AVMVF,1,0,0,1,1,0,0,1,0,0,0,0,0,0,0,0,0,0,0,0,0,1,0,
bb33381d0c97cdee25f2cdab540b6e2bd16fa03b,SCTP_DBG_TSNS,FCFTVOF,1,0,1,0,1,0,1,0,0,0,0,0,0,0,0,0,1,1,0,0,0,0,0,
51b53dc991ae7eebc5d45b06d576da6486fbf823,SENSORS_IIO_HWMON,FCUTVOF,1,0,1,0,1,0,1,0,0,1,0,0,1,0,0,0,0,0,0,0,0,0,0,
c4b058560762ec7ffe159b668fc47a8b7e271949,SERIAL_ST_ASC_CONSOLE,AVONMF,1,0,1,0,1,0,1,0,0,0,0,0,0,0,0,1,0,0,0,0,0,0,0,
b56ece9a3ac3c9708b8f1cebf4ba24c258d40e52,SERIO_OLPC_APSP,AVOMF,1,0,1,0,1,0,1,0,0,1,0,1,0,0,0,0,0,0,0,0,0,0,0,
f615136c06a791364f5afa8b8ba965315a6440f1,SMP,AVOMF,1,0,1,0,1,0,1,0,0,1,0,1,1,0,0,1,1,0,0,0,0,0,0,
429e4374cc007f260c7d0e2d0df5247deeaf8fbe,SND_SOC_ADI_AXI_SPDIF,AVOMF,1,0,1,0,1,0,1,0,0,1,0,1,0,0,0,0,0,0,0,0,0,0,0,
43d24e76b69826ce32292f47060ad78cdd0197fa,SND_SOC_FSL_ESAI,AIMF,1,0,1,0,0,1,1,0,0,1,0,1,0,0,0,0,0,0,0,0,0,0,0,
a2388a498ad2f85be01aca29e364abf427d9b53c,SND_SOC_FSL_SPDIF,AIMF,1,0,1,0,0,1,1,0,0,1,0,1,0,0,0,0,0,0,0,0,0,0,0,
dbdf6b54340e1671439a4a5efbd15b7a0b14eacb,SND_SOC_IMX_PCM,RIMF,0,1,1,0,0,1,1,0,0,1,0,0,0,1,1,0,0,0,0,0,0,0,0,
e58070ee4fdf797c47cb296992ce8db3df715eca,SND_SPEAR_SOC,FCUTVOF,1,0,1,0,1,0,1,0,0,1,0,0,1,0,0,0,0,0,0,0,0,0,0,
c065edde73508c6da4afaf064e5999eb3e5aead1,SNEHA,-,0,1,1,0,0,1,1,0,0,0,0,0,0,0,0,0,0,0,0,0,0,0,0,
970585c68bfcf9f30cadbdf458c6b414e36862c3,SOC_AM43XX,AVOAF,1,0,1,0,1,0,1,0,0,0,0,0,0,0,0,0,0,0,0,0,0,0,0,
8f0cdcc5700d9f9508385f41f6047fca82334eba,SOC_SAM_V4_V5,AVOAF,1,0,1,0,1,0,1,0,0,0,0,0,0,0,0,0,0,0,0,0,0,0,0,
d8650106b4627b4686d56d8090a3d61b8ea001cd,SPARC_GRPCI1,AVOMF,1,0,1,0,1,0,1,0,0,1,0,1,0,0,0,0,0,0,0,0,0,0,0,
4984c6f5e56c3e68922fd979347ba7aff385783b,SRAM,AVOMF,1,0,1,0,1,0,1,0,0,1,0,1,0,0,0,0,0,0,0,0,0,0,0,
5026aecf9bd51a95bcacdfac150f2204aafdc8c2,STIH41X_DEBUG_ASC2,AVONMF,1,0,1,0,1,0,1,0,0,0,0,0,0,0,0,1,0,0,0,0,0,0,0,
4a7d666a7202744af32d4da31fb52857b7d86850,STMMAC_RING,MVOFNO,0,1,1,0,1,0,1,0,0,1,0,0,0,0,1,0,0,0,0,1,0,0,0,
e269a869417cd4053b37da1b19186902d3cbf63b,SVINTO_SIM,RVONMF,0,1,1,0,1,0,1,0,0,0,0,0,0,0,0,0,0,0,1,1,1,0,0,
9ba96ae5074c9f15b357919e704ceba2bd34972d,TAHVO_USB_HOST_BY_DEFAULT,AVONMF,1,0,1,0,1,0,1,0,0,0,0,0,0,0,0,1,0,0,0,0,0,0,0,
eb869ade30a645dd2fadd89453615585f235794e,TCS3472,AVOMF,1,0,1,0,1,0,1,0,0,1,0,1,0,0,0,0,0,0,0,0,0,0,0,
4e5e4705bf69ea450f58fc709ac5888f321a9299,THERMAL_OF,AVOMF,1,0,1,0,1,0,1,0,0,1,0,1,0,0,0,1,0,0,0,0,0,0,0,
097ca6a347fbef554e9453180f1269147f68144f,TI_THERMAL,FCUTVOF,1,0,1,0,1,0,1,0,0,1,0,0,1,0,0,0,0,1,0,0,0,0,0,
cf89c4262bd5fa70e67953126001c08ecea4f346,TILE_PCI_IO,AVONMF,1,0,1,0,1,0,1,0,0,0,0,0,0,0,0,1,1,1,0,0,0,1,0,
e5a639421821c7cd11832fd7fbe6376bfb304880,TMP006,AVOMF,1,0,1,0,1,0,1,0,0,1,0,1,0,0,0,0,0,0,0,0,0,0,0,
0dafafc3ef42bad34fd446725cb9778c3bdd83a8,TRACE_IRQFLAGS_SUPPORT,internal mandatory impl. feature change,1,0,1,0,0,1,0,1,0,0,0,0,0,0,0,0,0,0,0,0,0,0,0,
17b80976f0aa28842593dae8b05fae9274b51375,USB_CONFIGFS_EEM,AVOAF,1,0,1,0,1,0,1,0,0,0,0,0,0,0,0,0,0,0,0,0,0,0,0,
d1c02452a2d0bca01c5bcc81de502746c6a1dde1,USB_CONFIGFS_SERIAL,AVOAF,1,0,1,0,1,0,1,0,0,0,0,0,0,0,0,0,0,0,0,0,0,0,0,
9773696105534dd5193576adfe4a0117a6489c64,USB_EHCI_HCD_AT91,FCUTVOF,1,0,1,0,1,0,1,0,0,1,0,0,1,0,0,0,0,1,0,0,0,0,0,
1d8fc2518c1cddef0902b0a2c51946732a0982fc,USB_F_OBEX,AIMF,1,0,1,0,0,1,1,0,0,1,0,0,1,0,0,0,0,0,0,0,0,0,0,
8cedba7c73af1369599b1111639cfeb66fe13aaa,USB_F_SUBSET,AIMF,1,0,1,0,0,1,1,0,0,1,0,0,1,0,0,0,0,0,0,0,0,0,0,
726a85caa30201eaadb993397a3e8ec23949c608,USB_HCD_TEST_MODE,FCFTVOF,1,0,1,0,1,0,1,0,0,0,0,0,0,0,0,0,0,1,0,0,0,0,0,
b7b741ea38a32336b45870b76aaec1abe57badd0,USB_MUSB_HOST,AVONMF,1,0,1,0,1,0,1,0,0,0,0,0,0,0,0,1,1,0,0,0,0,0,0,
e1d2e31975e1e3a31ac592d5b1c5cb5d655b3f4e,USB_OTG_FSM,FCUTVOF,1,0,1,0,1,0,1,0,0,1,0,0,1,0,0,0,0,0,0,0,0,0,0,
84ebc10294a3d7be4c66f51070b7aedbaa24de9b,USB_SUSPEND,RVONMF,0,1,1,0,1,0,1,0,0,0,0,0,0,0,0,0,0,0,1,1,1,0,0,
c19672492d233e0012b60fbfa460ffac1381ee26,VF_PIT_TIMER,AIMF,1,0,1,0,0,1,1,0,0,1,0,1,0,0,0,0,0,0,0,0,0,0,0,
f87d0fbb579818fed3eeb0923cc253163ab93039,VHOST_RING,AIMF,1,0,1,0,0,1,1,0,1,1,0,1,1,0,0,0,0,0,0,0,0,0,0,
181c04a357bb791587c55a99362c2fdde2c64f18,VHOST_SCSI,FCUTVOF,1,0,1,0,1,0,1,0,0,1,0,0,1,0,0,0,0,0,0,0,0,0,0,
1ae0d202a56a18edd468d6fff6f060bfc30df222,VIDEO_CX88_ENABLE_VP3054,AVOAF,1,0,1,0,1,0,1,0,0,0,0,0,0,0,0,0,0,0,0,0,0,0,0,
3acd16ab5c1c4e2a679c5c3e082db648f0e85100,VIDEO_GO7007_OV7640,MVOFNO,0,1,1,0,1,0,1,0,0,1,0,0,0,0,1,0,0,0,0,0,0,0,0,
3acd16ab5c1c4e2a679c5c3e082db648f0e85100,VIDEO_GO7007_UDA1342,MVOFNO,0,1,1,0,1,0,1,0,0,1,0,0,0,0,1,0,0,0,0,0,0,0,0,
98505ff9f2fa1a1b33d90d39ab76a54a3b189ee2,VIDEO_MX2_HOSTSUPPORT,-,0,1,1,0,0,1,1,0,0,0,0,0,0,0,0,0,0,0,0,0,0,0,0,
dfb9f94e8e5e7f73c8e2bcb7d4fb1de57e7c333d,VIDEO_STK1160_COMMON,AVOAF,1,0,1,0,1,0,1,0,0,0,0,0,0,0,0,0,0,0,0,0,0,0,0,
a03636cb21af1d22a894a5a863b2ba3c3687da63,VIDEO_TCM825X,AVOGMF,1,0,1,0,1,0,1,0,1,1,0,1,1,0,0,0,0,0,0,0,0,0,0,
4571912743ac6a04a6644e5a292bb9876bb5329b,VIDEO_TI_VPE,AVOGMF,1,0,1,0,1,0,1,0,1,1,0,1,0,0,0,0,0,0,0,0,0,0,0,
a38884f681a4d044befd30d9f3d19a0821bae63a,VIDEOMODE_HELPERS,AIMF,1,0,1,0,0,1,1,0,0,1,0,0,1,0,0,0,1,1,0,0,0,0,0,
aceca2854498de7384ee7b44d8eb7820fd4c7f16,W1_SLAVE_DS2408_READBACK,AVONMF,1,0,1,0,1,0,1,0,0,0,0,0,0,0,0,0,1,0,0,0,0,0,0,
5700f743b597951743da9c7d891d3989aac0486e,X86_DEBUG_STATIC_CPU_HAS,AVONMF,1,0,1,0,1,0,1,0,0,0,0,0,0,0,0,1,0,0,0,0,0,0,0,
09df7c4c8097ca4a11393b1edd4997d786daad52,X86_OOSTORE,internal mandatory impl. feature change,0,1,1,0,0,1,0,1,0,0,0,0,0,0,0,0,0,0,1,1,1,0,1,
49649cad34c29dc26ed928191425e6677ca07918,XSCALE_PMU,internal mandatory impl. feature change,0,1,1,0,0,1,0,1,0,0,0,0,0,0,0,0,0,0,0,0,0,0,0,
